date,FTSE100,SP500,SX5E
2023-08-01,7666.3,4576.73,4471.31
2023-08-02,7561.6,4513.39,4336.5
2023-08-03,7529.2,4501.89,4304.63
2023-08-04,7564.4,4478.03,4332.91
2023-08-07,7554.5,4518.44,4337.5
2023-08-08,7527.4,4499.38,4288.85
2023-08-09,7587.3,4467.71,4317.33
2023-08-10,7618.6,4468.83,4384.04
2023-08-11,7524.2,4464.05,4321.33
2023-08-14,7507.2,4489.72,4330.23
2023-08-15,7389.6,4437.86,4288.57
2023-08-16,7356.9,4404.33,4284.27
2023-08-17,7310.2,4370.36,4227.83
2023-08-18,7262.4,4369.71,4212.95
2023-08-21,7257.8,4399.77,4224.87
2023-08-22,7270.8,4387.55,4260.37
2023-08-23,7320.5,4436.01,4266.67
2023-08-24,7333.6,4376.31,4232.22
2023-08-25,7338.6,4405.71,4236.25
2023-08-28,7338.6,4433.31,4293.69
2023-08-29,7465.0,4497.63,4326.47
2023-08-30,7473.7,4514.87,4315.31
2023-08-31,7439.1,4507.66,4297.11
2023-09-01,7464.5,4515.77,4282.64
2023-09-04,7452.8,4515.77,4279.87
2023-09-05,7437.9,4496.83,4269.16
2023-09-06,7426.1,4465.48,4238.26
2023-09-07,7441.7,4451.14,4221.02
2023-09-08,7478.2,4457.49,4237.19
2023-09-11,7496.9,4487.46,4254.33
2023-09-12,7527.5,4461.9,4242.27
2023-09-13,7526.0,4467.44,4223.48
2023-09-14,7673.1,4505.1,4279.75
2023-09-15,7711.4,4450.32,4295.05
2023-09-18,7652.9,4453.53,4245.88
2023-09-19,7660.2,4443.95,4242.7
2023-09-20,7731.7,4402.2,4275.98
2023-09-21,7678.6,4330.0,4212.59
2023-09-22,7683.9,4320.06,4207.16
2023-09-25,7624.0,4337.44,4167.37
2023-09-26,7625.7,4273.53,4129.18
2023-09-27,7593.2,4274.51,4131.68
2023-09-28,7601.9,4299.7,4161.56
2023-09-29,7608.1,4288.05,4174.66
2023-10-02,7510.7,4288.39,4137.63
2023-10-03,7470.2,4229.45,4095.59
2023-10-04,7412.5,4263.75,4099.85
2023-10-05,7451.5,4258.19,4099.81
2023-10-06,7494.6,4308.5,4144.43
2023-10-09,7492.2,4335.66,4112.57
2023-10-10,7628.2,4358.24,4205.23
2023-10-11,7620.0,4376.95,4200.8
2023-10-12,7644.8,4349.61,4198.23
2023-10-13,7599.6,4327.78,4136.12
2023-10-16,7630.6,4373.63,4149.86
2023-10-17,7675.2,4373.2,4152.32
2023-10-18,7588.0,4314.6,4105.86
2023-10-19,7499.5,4278.0,4090.33
2023-10-20,7402.1,4224.16,4024.68
2023-10-23,7374.8,4217.04,4041.75
2023-10-24,7389.7,4247.68,4065.37
2023-10-25,7414.3,4186.77,4073.35
2023-10-26,7354.6,4137.23,4049.4
2023-10-27,7291.3,4117.37,4014.36
2023-10-30,7327.4,4166.82,4028.32
2023-10-31,7321.7,4193.8,4061.12
2023-11-01,7342.4,4237.86,4091.71
2023-11-02,7446.5,4317.78,4169.62
2023-11-03,7417.7,4358.34,4174.67
2023-11-06,7417.8,4365.98,4158.64
2023-11-07,7410.0,4378.38,4153.37
2023-11-08,7401.7,4382.78,4178.49
2023-11-09,7455.7,4347.35,4229.2
2023-11-10,7360.6,4415.24,4197.36
2023-11-13,7425.8,4411.55,4232.19
2023-11-14,7440.5,4495.7,4291.72
2023-11-15,7486.9,4502.88,4315.53
2023-11-16,7411.0,4508.24,4302.45
2023-11-17,7504.3,4514.02,4340.77
2023-11-20,7496.4,4547.38,4342.41
2023-11-21,7482.0,4538.19,4331.9
2023-11-22,7469.5,4556.62,4352.02
2023-11-23,7483.6,4556.62,4361.32
2023-11-24,7488.2,4559.34,4372.1
2023-11-27,7460.7,4550.43,4354.41
2023-11-28,7455.2,4554.89,4348.02
2023-11-29,7423.5,4550.58,4370.53
2023-11-30,7453.8,4567.8,4382.47
2023-12-01,7529.4,4594.63,4418.51
2023-12-04,7513.0,4569.78,4414.95
2023-12-05,7489.8,4567.18,4452.77
2023-12-06,7515.4,4549.34,4483.26
2023-12-07,7513.7,4585.59,4473.77
2023-12-08,7554.5,4604.37,4523.31
2023-12-11,7544.9,4622.44,4540.19
2023-12-12,7542.8,4643.7,4536.61
2023-12-13,7548.4,4707.09,4530.19
2023-12-14,7649.0,4719.55,4539.16
2023-12-15,7576.4,4719.19,4549.44
2023-12-18,7614.5,4740.56,4521.13
2023-12-19,7638.0,4768.37,4535.4
2023-12-20,7715.7,4698.35,4533.82
2023-12-21,7694.7,4746.75,4524.86
2023-12-22,7697.5,4754.63,4521.47
2023-12-25,7697.5,4754.63,4521.47
2023-12-26,7697.5,4774.75,4521.47
2023-12-27,7725.0,4781.58,4528.38
2023-12-28,7722.7,4783.35,4514.38
2023-12-29,7733.2,4769.83,4521.65
2024-01-01,7733.2,4769.83,4521.65
2024-01-02,7721.5,4742.83,4521.65
2024-01-03,7682.3,4704.81,4448.13
2024-01-04,7723.1,4688.68,4474.01
2024-01-05,7689.6,4697.24,4463.51
2024-01-08,7694.2,4763.54,4485.48
2024-01-09,7684.0,4756.5,4467.17
2024-01-10,7651.8,4783.45,4468.98
2024-01-11,7576.6,4780.24,4442.28
2024-01-12,7624.9,4783.83,4480.02
2024-01-15,7594.9,4783.83,4454.68
2024-01-16,7558.3,4765.98,4446.51
2024-01-17,7446.3,4739.21,4403.08
2024-01-18,7459.1,4780.94,4453.05
2024-01-19,7461.9,4839.81,4448.83
2024-01-22,7487.7,4850.43,4480.32
2024-01-23,7485.7,4864.6,4465.91
2024-01-24,7527.7,4868.55,4564.11
2024-01-25,7529.7,4894.16,4582.26
2024-01-26,7635.1,4890.97,4635.47
2024-01-29,7632.7,4927.93,4639.36
2024-01-30,7666.3,4924.97,4662.7
2024-01-31,7630.6,4845.65,4648.4
2024-02-01,7622.2,4906.19,4638.6
2024-02-02,7615.5,4958.61,4654.55
2024-02-05,7612.9,4942.81,4655.27
2024-02-06,7681.0,4954.23,4690.87
2024-02-07,7628.8,4995.06,4678.85
2024-02-08,7595.5,4997.91,4710.78
2024-02-09,7572.6,5026.61,4715.87
2024-02-12,7573.7,5021.84,4746.35
2024-02-13,7512.3,4953.17,4689.28
2024-02-14,7568.4,5000.62,4709.22
2024-02-15,7597.5,5029.73,4743.17
2024-02-16,7711.7,5005.57,4765.65
2024-02-19,7728.5,5005.57,4763.07
2024-02-20,7719.2,4975.51,4760.28
2024-02-21,7662.5,4981.8,4775.31
2024-02-22,7684.5,5087.03,4855.36
2024-02-23,7706.3,5088.8,4872.57
2024-02-26,7684.3,5069.53,4864.29
2024-02-27,7683.0,5078.18,4885.74
2024-02-28,7625.0,5069.76,4883.77
2024-02-29,7630.0,5096.27,4877.77
2024-03-01,7682.5,5137.08,4894.86
2024-03-04,7640.3,5130.95,4912.92
2024-03-05,7646.2,5078.65,4893.07
2024-03-06,7679.3,5104.76,4915.49
2024-03-07,7692.5,5157.36,4974.22
2024-03-08,7659.7,5123.69,4961.11
2024-03-11,7669.2,5117.94,4930.42
2024-03-12,7747.8,5175.27,4983.2
2024-03-13,7772.2,5165.31,5000.55
2024-03-14,7743.2,5150.48,4993.12
2024-03-15,7727.4,5117.09,4986.02
2024-03-18,7722.6,5149.42,4982.76
2024-03-19,7738.3,5178.51,5007.92
2024-03-20,7737.4,5224.62,5000.31
2024-03-21,7882.6,5241.53,5052.31
2024-03-22,7930.9,5234.18,5031.15
2024-03-25,7917.6,5218.19,5044.19
2024-03-26,7931.0,5203.58,5064.18
2024-03-27,7932.0,5248.49,5081.74
2024-03-28,7952.6,5254.35,5083.42
2024-03-29,7952.6,5254.35,5083.42
2024-04-01,7952.6,5243.77,5083.42
2024-04-02,7935.1,5205.81,5042.0
2024-04-03,7937.4,5211.49,5069.25
2024-04-04,7975.9,5147.21,5070.76
2024-04-05,7911.2,5204.34,5014.75
2024-04-08,7943.5,5202.39,5046.05
2024-04-09,7934.8,5209.91,4990.9
2024-04-10,7961.2,5160.64,5000.83
2024-04-11,7923.8,5199.06,4966.68
2024-04-12,7995.6,5123.41,4955.01
2024-04-15,7965.5,5061.82,4984.48
2024-04-16,7820.4,5051.41,4916.99
2024-04-17,7848.0,5022.21,4914.13
2024-04-18,7877.1,5011.12,4936.57
2024-04-19,7895.9,4967.23,4918.09
2024-04-22,8023.9,5010.6,4936.85
2024-04-23,8044.8,5070.55,5008.17
2024-04-24,8040.4,5071.63,4989.88
2024-04-25,8078.9,5048.42,4939.01
2024-04-26,8139.8,5099.96,5006.85
2024-04-29,8147.0,5116.17,4981.09
2024-04-30,8144.1,5035.69,4921.22
2024-05-01,8121.2,5018.39,4921.22
2024-05-02,8172.2,5064.2,4890.61
2024-05-03,8213.5,5127.79,4921.48
2024-05-06,8213.5,5180.74,4956.96
2024-05-07,8313.7,5187.7,5016.1
2024-05-08,8354.1,5187.67,5038.17
2024-05-09,8381.4,5214.08,5038.17
2024-05-10,8433.8,5222.68,5085.08
2024-05-13,8415.0,5221.42,5078.96
2024-05-14,8428.1,5246.68,5080.29
2024-05-15,8445.8,5308.15,5100.9
2024-05-16,8438.7,5297.1,5072.45
2024-05-17,8420.3,5303.27,5064.14
2024-05-20,8424.2,5308.13,5064.14
2024-05-21,8416.5,5321.41,5046.99
2024-05-22,8370.3,5307.01,5025.17
2024-05-23,8339.2,5267.84,5037.6
2024-05-24,8317.6,5304.72,5035.41
2024-05-27,8317.6,5304.72,5059.2
2024-05-28,8254.2,5306.04,5030.35
2024-05-29,8183.1,5266.95,4963.2
2024-05-30,8231.1,5235.48,4982.18
2024-05-31,8275.4,5277.51,4983.67
2024-06-03,8262.8,5283.4,5003.54
2024-06-04,8232.0,5291.34,4953.37
2024-06-05,8247.0,5354.03,5035.66
2024-06-06,8285.3,5352.96,5069.09
2024-06-07,8245.4,5346.99,5051.31
2024-06-10,8228.5,5360.79,5016.48
2024-06-11,8147.8,5375.32,4965.09
2024-06-12,8215.5,5421.03,5034.43
2024-06-13,8163.7,5433.74,4935.5
2024-06-14,8146.9,5431.6,4839.14
2024-06-17,8142.2,5473.23,4880.42
2024-06-18,8191.3,5487.03,4915.47
2024-06-19,8205.1,5487.03,4885.45
2024-06-20,8272.5,5473.17,4947.73
2024-06-21,8237.7,5464.62,4907.3
2024-06-24,8281.6,5447.87,4950.98
2024-06-25,8247.8,5469.3,4935.97
2024-06-26,8225.3,5477.9,4915.94
2024-06-27,8179.7,5482.87,4902.6
2024-06-28,8164.1,5460.48,4894.02
2024-07-01,8166.8,5475.09,4929.99
2024-07-02,8121.2,5509.01,4906.33
2024-07-03,8171.1,5537.02,4965.8
2024-07-04,8241.3,5537.02,4987.48
2024-07-05,8203.9,5567.19,4979.39
2024-07-08,8193.5,5572.85,4969.83
2024-07-09,8139.8,5576.98,4903.62
2024-07-10,8193.5,5633.91,4958.86
2024-07-11,8223.3,5584.54,4976.13
2024-07-12,8252.9,5615.35,5043.02
2024-07-15,8183.0,5631.22,4983.11
2024-07-16,8164.9,5667.2,4947.83
2024-07-17,8187.5,5588.27,4891.46
2024-07-18,8204.9,5544.59,4870.12
2024-07-19,8155.7,5505.0,4827.24
2024-07-22,8198.8,5564.41,4897.44
2024-07-23,8167.4,5555.74,4916.8
2024-07-24,8153.7,5427.13,4861.87
2024-07-25,8186.4,5399.22,4811.28
2024-07-26,8285.7,5459.1,4862.5
2024-07-29,8292.4,5463.54,4815.39
2024-07-30,8274.4,5436.44,4841.0
2024-07-31,8368.0,5522.3,4872.94
2024-08-01,8283.4,5446.68,4872.94
2024-08-02,8174.7,5346.56,4638.7
2024-08-05,8008.2,5186.33,4571.6
2024-08-06,8026.7,5240.03,4575.22
2024-08-07,8166.9,5199.5,4668.06
2024-08-08,8145.0,5319.31,4668.74
2024-08-09,8168.1,5344.16,4675.28
2024-08-12,8210.3,5344.39,4671.88
2024-08-13,8235.2,5434.43,4694.92
2024-08-14,8281.1,5455.21,4727.6
2024-08-15,8347.4,5543.22,4807.77
2024-08-16,8311.4,5554.25,4840.52
2024-08-19,8356.9,5608.25,4871.41
2024-08-20,8273.3,5597.12,4857.58
2024-08-21,8283.4,5620.85,4885.28
2024-08-22,8288.0,5570.64,4885.0
2024-08-23,8327.8,5634.61,4909.2
2024-08-26,8327.8,5616.84,4896.69
2024-08-27,8345.5,5625.8,4898.78
2024-08-28,8343.9,5592.18,4913.03
2024-08-29,8379.6,5591.96,4966.27
2024-08-30,8376.6,5648.4,4957.98
2024-09-02,8363.8,5648.4,4973.07
2024-09-03,8298.5,5528.93,4912.52
2024-09-04,8269.6,5520.07,4848.18
2024-09-05,8241.7,5503.41,4815.15
2024-09-06,8181.5,5408.42,4738.06
2024-09-09,8270.8,5471.05,4778.66
2024-09-10,8206.0,5495.52,4747.2
2024-09-11,8193.9,5554.13,4763.58
2024-09-12,8241.0,5595.76,4814.08
2024-09-13,8273.1,5626.02,4843.99
2024-09-16,8278.4,5633.09,4827.63
2024-09-17,8309.9,5634.58,4860.78
2024-09-18,8253.7,5618.26,4835.3
2024-09-19,8328.7,5713.64,4943.38
2024-09-20,8230.0,5702.55,4871.54
2024-09-23,8259.7,5718.57,4885.57
2024-09-24,8282.8,5732.93,4940.72
2024-09-25,8268.7,5722.26,4916.89
2024-09-26,8284.9,5745.37,5032.59
2024-09-27,8320.8,5738.17,5067.45
2024-09-30,8237.0,5762.48,5000.45
2024-10-01,8276.7,5708.75,4954.15
2024-10-02,8290.9,5709.54,4963.29
2024-10-03,8282.5,5699.94,4921.33
2024-10-04,8280.6,5751.07,4954.94
2024-10-07,8303.6,5695.94,4969.71
2024-10-08,8190.6,5751.13,4949.0
2024-10-09,8243.7,5792.04,4982.57
2024-10-10,8237.7,5780.05,4970.34
2024-10-11,8253.7,5815.03,5003.92
2024-10-14,8292.7,5859.85,5041.01
2024-10-15,8249.3,5815.26,4946.73
2024-10-16,8329.1,5842.47,4908.71
2024-10-17,8385.1,5841.47,4947.3
2024-10-18,8358.3,5864.67,4986.27
2024-10-21,8318.2,5853.98,4941.22
2024-10-22,8306.5,5851.2,4939.31
2024-10-23,8258.6,5797.42,4922.55
2024-10-24,8269.4,5809.86,4935.45
2024-10-25,8248.8,5808.12,4943.09
2024-10-28,8285.6,5823.52,4969.83
2024-10-29,8219.6,5832.92,4950.02
2024-10-30,8159.6,5813.67,4885.75
2024-10-31,8110.1,5705.45,4827.63
2024-11-01,8177.2,5728.8,4877.75
2024-11-04,8184.2,5712.69,4852.1
2024-11-05,8172.4,5782.76,4870.33
2024-11-06,8166.7,5929.04,4800.63
2024-11-07,8140.7,5973.1,4851.96
2024-11-08,8072.4,5995.54,4802.76
2024-11-11,8125.2,6001.35,4854.03
2024-11-12,8025.8,5983.99,4744.69
2024-11-13,8030.3,5985.38,4740.34
2024-11-14,8071.2,5949.17,4833.53
2024-11-15,8063.6,5870.62,4794.85
2024-11-18,8109.3,5893.62,4790.33
2024-11-19,8099.0,5916.98,4751.23
2024-11-20,8085.1,5917.11,4729.71
2024-11-21,8149.3,5948.71,4755.83
2024-11-22,8262.1,5969.34,4789.08
2024-11-25,8291.7,5987.37,4799.87
2024-11-26,8258.6,6021.63,4761.99
2024-11-27,8274.8,5998.74,4733.15
2024-11-28,8281.2,5998.74,4758.65
2024-11-29,8287.3,6032.38,4804.4
2024-12-02,8312.9,6047.15,4846.73
2024-12-03,8359.4,6049.88,4878.51
2024-12-04,8335.8,6086.49,4919.02
2024-12-05,8349.4,6075.11,4951.58
2024-12-06,8308.6,6090.27,4977.78
2024-12-09,8352.1,6052.85,4985.46
2024-12-10,8280.4,6034.91,4951.74
2024-12-11,8301.6,6084.19,4959.35
2024-12-12,8311.8,6051.25,4965.53
2024-12-13,8300.3,6051.09,4967.95
2024-12-16,8262.1,6074.08,4947.03
2024-12-17,8195.2,6050.61,4942.58
2024-12-18,8199.1,5872.16,4957.28
2024-12-19,8105.3,5867.08,4879.0
2024-12-20,8084.6,5930.85,4862.28
2024-12-23,8102.7,5974.07,4852.93
2024-12-24,8137.0,6040.04,4852.93
2024-12-25,8137.0,6040.04,4852.93
2024-12-26,8137.0,6037.59,4852.93
2024-12-27,8149.8,5970.84,4898.88
2024-12-30,8121.0,5906.94,4869.28
2024-12-31,8173.0,5881.63,4869.28
2025-01-01,8173.0,5881.63,4869.28
2025-01-02,8260.1,5868.55,4869.28
2025-01-03,8224.0,5942.47,4871.45
2025-01-06,8249.7,5975.38,4986.64
2025-01-07,8245.3,5909.03,5011.82
2025-01-08,8251.0,5918.25,4996.39
2025-01-09,8319.7,5918.25,5017.91
2025-01-10,8248.5,5827.04,4977.26
2025-01-13,8224.2,5836.22,4954.21
2025-01-14,8201.5,5842.91,4980.47
2025-01-15,8301.1,5949.91,5032.31
2025-01-16,8391.9,5937.34,5106.93
2025-01-17,8505.2,5996.66,5148.3
2025-01-20,8520.5,5996.66,5164.44
2025-01-21,8548.3,6049.24,5165.96
2025-01-22,8545.1,6086.37,5205.83
2025-01-23,8565.2,6118.71,5217.5
2025-01-24,8502.4,6101.24,5219.37
2025-01-27,8503.7,6012.28,5188.45
2025-01-28,8533.9,6067.7,5195.71
2025-01-29,8557.8,6039.31,5230.66
2025-01-30,8646.9,6071.17,5282.21
2025-01-31,8674.0,6040.53,5286.87
2025-02-03,8583.6,5994.57,5217.91
2025-02-04,8570.8,6037.88,5264.59
2025-02-05,8623.3,6061.48,5271.12
2025-02-06,8727.3,6083.57,5356.63
2025-02-07,8700.5,6025.99,5325.4
2025-02-10,8767.8,6066.44,5358.3
2025-02-11,8777.4,6068.5,5390.91
2025-02-12,8807.4,6051.97,5405.65
2025-02-13,8764.7,6115.07,5500.5
2025-02-14,8732.5,6114.63,5493.4
2025-02-17,8768.0,6114.63,5519.83
2025-02-18,8766.7,6129.58,5533.84
2025-02-19,8712.5,6144.15,5461.17
2025-02-20,8663.0,6117.52,5461.03
2025-02-21,8659.4,6013.13,5474.85
2025-02-24,8659.0,5983.25,5453.76
2025-02-25,8668.7,5955.25,5447.9
2025-02-26,8731.5,5956.06,5527.99
2025-02-27,8756.2,5861.57,5472.56
2025-02-28,8809.7,5954.5,5463.54
2025-03-03,8871.3,5849.72,5540.69
2025-03-04,8759.0,5778.15,5387.31
2025-03-05,8755.8,5842.63,5489.12
2025-03-06,8682.8,5738.52,5520.47
2025-03-07,8679.9,5770.2,5468.41
2025-03-10,8600.2,5614.56,5386.98
2025-03-11,8496.0,5572.07,5309.9
2025-03-12,8541.0,5599.3,5359.42
2025-03-13,8542.6,5521.52,5328.39
2025-03-14,8632.3,5638.94,5404.18
2025-03-17,8680.3,5675.12,5445.55
2025-03-18,8705.2,5614.66,5485.01
2025-03-19,8706.7,5675.29,5507.36
2025-03-20,8702.0,5662.89,5450.93
2025-03-21,8646.8,5667.56,5423.83
2025-03-24,8638.0,5767.57,5415.79
2025-03-25,8663.8,5776.65,5475.08
2025-03-26,8689.6,5712.2,5411.69
2025-03-27,8666.1,5693.31,5381.08
2025-03-28,8658.9,5580.94,5331.4
2025-03-31,8582.8,5611.85,5248.39
2025-04-01,8634.8,5633.07,5320.3
2025-04-02,8608.5,5670.97,5303.95
2025-04-03,8474.7,5396.52,5113.28
2025-04-04,8055.0,5074.08,4878.31
2025-04-07,7702.1,5062.25,4656.41
2025-04-08,7910.5,4982.77,4773.65
2025-04-09,7679.5,5456.9,4622.14
2025-04-10,7913.3,5268.05,4818.92
2025-04-11,7964.2,5363.36,4787.23
2025-04-14,8134.3,5405.97,4911.39
2025-04-15,8249.1,5396.63,4970.43
2025-04-16,8275.6,5275.7,4966.5
2025-04-17,8275.7,5282.7,4935.34
2025-04-18,8275.7,5282.7,4935.34
2025-04-21,8275.7,5158.2,4935.34
2025-04-22,8328.6,5287.76,4961.45
2025-04-23,8403.2,5375.86,5098.74
2025-04-24,8407.4,5484.77,5114.98
2025-04-25,8415.3,5525.21,5154.12
2025-04-28,8417.3,5528.75,5170.49
2025-04-29,8463.5,5560.83,5161.9
2025-04-30,8494.9,5569.06,5160.22
2025-05-01,8496.8,5604.14,5160.22
2025-05-02,8596.4,5686.67,5285.19
2025-05-05,8596.4,5650.38,5283.05
2025-05-06,8597.4,5606.91,5263.38
2025-05-07,8559.3,5631.28,5230.19
2025-05-08,8531.6,5663.94,5288.94
2025-05-09,8554.8,5659.91,5309.74
2025-05-12,8605.0,5844.19,5392.36
2025-05-13,8602.9,5886.55,5416.21
2025-05-14,8585.0,5892.58,5403.44
2025-05-15,8633.8,5916.93,5412.08
2025-05-16,8684.6,5958.38,5427.53
2025-05-19,8699.3,5963.6,5427.23
2025-05-20,8781.1,5940.46,5454.65
2025-05-21,8786.5,5844.61,5454.46
2025-05-22,8739.3,5842.01,5424.48
2025-05-23,8718.0,5802.82,5326.31
2025-05-26,8718.0,5802.82,5395.33
2025-05-27,8778.1,5921.54,5415.45
2025-05-28,8726.0,5888.55,5378.39
2025-05-29,8716.5,5912.17,5378.39
2025-05-30,8772.4,5911.69,5366.59
2025-06-02,8774.3,5935.94,5355.56
2025-06-03,8787.0,5970.37,5375.7
2025-06-04,8801.3,5970.81,5405.15
2025-06-05,8811.0,5939.3,5410.55
2025-06-06,8837.9,6000.36,5430.17
2025-06-09,8832.3,6005.88,5430.17
2025-06-10,8853.1,6038.81,5415.38
2025-06-11,8864.4,6022.24,5393.15
2025-06-12,8884.9,6045.26,5360.82
2025-06-13,8850.6,5976.97,5290.47
2025-06-16,8875.2,6033.11,5339.57
2025-06-17,8834.0,5982.72,5288.68
2025-06-18,8843.5,5980.87,5266.91
2025-06-19,8791.8,5980.87,5197.03
2025-06-20,8774.7,5967.84,5233.58
2025-06-23,8758.0,6025.17,5221.9
2025-06-24,8759.0,6092.18,5297.07
2025-06-25,8718.8,6092.16,5252.01
2025-06-26,8735.6,6141.02,5244.03
2025-06-27,8798.9,6173.07,5325.64
2025-06-30,8761.0,6204.95,5303.24
2025-07-01,8785.3,6198.01,5282.43
2025-07-02,8774.7,6227.42,5318.72
2025-07-03,8823.2,6279.35,5343.15
2025-07-04,8822.9,6279.35,5288.81
2025-07-07,8806.5,6229.98,5341.54
2025-07-08,8854.2,6225.52,5371.95
2025-07-09,8867.0,6263.26,5445.65
2025-07-10,8975.7,6280.46,5438.27
2025-07-11,8941.1,6259.75,5383.48
2025-07-14,8998.1,6268.56,5370.85
2025-07-15,8938.3,6243.76,5354.17
2025-07-16,8926.6,6263.7,5298.07
2025-07-17,8972.6,6297.36,5377.15
2025-07-18,8992.1,6296.79,5359.23
2025-07-21,9013.0,6305.6,5342.98
2025-07-22,9023.8,6309.62,5290.48
2025-07-23,9061.5,6358.91,5344.25
2025-07-24,9138.4,6363.35,5355.2
2025-07-25,9120.3,6388.64,5352.16
2025-07-28,9081.4,6389.77,5337.58
2025-07-29,9136.3,6370.86,5379.2
2025-07-30,9136.9,6362.9,5393.18
2025-07-31,9132.8,6339.39,5319.92
2025-08-01,9068.6,6238.01,5319.92
2025-08-04,9128.3,6329.94,5242.32
2025-08-05,9142.7,6299.19,5249.59
2025-08-06,9164.3,6345.06,5263.29
2025-08-07,9100.8,6340.0,5332.07
2025-08-08,9095.7,6389.45,5347.74
2025-08-11,9129.7,6373.45,5331.85
2025-08-12,9147.8,6445.76,5335.97
2025-08-13,9165.2,6466.58,5388.25
2025-08-14,9177.2,6468.54,5434.7
2025-08-15,9138.9,6449.8,5448.61
2025-08-18,9157.7,6449.15,5434.64
2025-08-19,9189.2,6411.37,5483.28
2025-08-20,9288.1,6395.78,5472.32
2025-08-21,9309.2,6370.17,5462.16
2025-08-22,9321.4,6466.91,5488.23
2025-08-25,9321.4,6439.32,5443.96
2025-08-26,9265.8,6465.94,5383.68
2025-08-27,9255.5,6481.4,5393.07
2025-08-28,9216.8,6501.86,5396.73
2025-08-29,9187.3,6460.26,5351.73
2025-09-01,9196.3,6460.26,5367.08
2025-09-02,9116.7,6415.54,5291.04
2025-09-03,9178.0,6448.26,5325.01
2025-09-04,9216.9,6502.08,5346.71
2025-09-05,9208.2,6481.5,5318.15
2025-09-08,9221.4,6495.15,5362.81
2025-09-09,9242.5,6512.61,5368.82
2025-09-10,9225.4,6532.04,5361.47
2025-09-11,9297.6,6587.47,5386.77
2025-09-12,9283.3,6584.29,5390.71
2025-09-15,9277.0,6615.28,5440.4
2025-09-16,9195.7,6606.76,5372.31
2025-09-17,9208.4,6600.35,5369.7
2025-09-18,9228.1,6631.96,5456.67
2025-09-19,9216.7,6664.36,5458.42
2025-09-22,9226.7,6693.75,5442.05
2025-09-23,9223.3,6656.92,5472.39
2025-09-24,9250.4,6637.97,5464.56
2025-09-25,9214.0,6604.72,5444.89
2025-09-26,9284.8,6643.7,5499.7
2025-09-29,9299.8,6661.21,5506.85
2025-09-30,9350.4,6688.46,5529.96
2025-10-01,9446.4,6711.2,5581.21
2025-10-02,9427.7,6715.35,5645.81
2025-10-03,9491.3,6715.79,5651.71
2025-10-06,9479.1,6740.28,5628.72
2025-10-07,9483.6,6714.59,5613.62
2025-10-08,9548.9,6753.72,5649.73
2025-10-09,9509.4,6735.11,5625.56
2025-10-10,9427.5,6552.51,5531.32
2025-10-13,9442.9,6654.72,5568.19
2025-10-14,9452.8,6644.31,5552.05
2025-10-15,9424.8,6671.06,5605.03
2025-10-16,9436.1,6629.07,5652.01
2025-10-17,9354.6,6664.01,5607.39
2025-10-20,9403.6,6735.13,5680.93
2025-10-21,9427.0,6735.35,5686.83
2025-10-22,9515.0,6699.4,5639.21
2025-10-23,9578.6,6738.44,5668.33
2025-10-24,9645.6,6791.69,5674.5
2025-10-27,9653.8,6875.16,5711.06
2025-10-28,9696.7,6890.89,5704.35
2025-10-29,9756.1,6890.59,5705.81
2025-10-30,9760.1,6822.34,5699.18
2025-10-31,9717.3,6840.2,5662.04
2025-11-03,9701.4,6851.97,5679.25
2025-11-04,9715.0,6771.55,5660.2
2025-11-05,9777.1,6796.29,5669.13
2025-11-06,9735.8,6720.32,5611.18
2025-11-07,9682.6,6728.8,5566.53
2025-11-10,9787.2,6832.43,5664.46
2025-11-11,9899.6,6846.61,5725.7
2025-11-12,9911.4,6850.92,5787.31
2025-11-13,9807.7,6737.49,5742.79
2025-11-14,9698.4,6734.11,5693.77
2025-11-17,9675.4,6672.41,5640.94
2025-11-18,9552.3,6617.32,5534.71
2025-11-19,9507.4,6642.16,5542.05
2025-11-20,9527.7,6538.76,5569.92
2025-11-21,9539.7,6602.99,5515.09
2025-11-24,9534.9,6705.12,5528.67
2025-11-25,9609.5,6765.88,5573.91
2025-11-26,9691.6,6812.61,5655.58
2025-11-27,9693.9,6812.61,5653.17
2025-11-28,9720.5,6849.09,5668.17
2025-12-01,9702.5,6812.63,5667.48
2025-12-02,9701.8,6829.37,5686.17
2025-12-03,9692.1,6849.72,5694.56
2025-12-04,9710.9,6857.12,5718.08
2025-12-05,9667.0,6870.4,5723.93
2025-12-08,9645.1,6846.51,5725.59
2025-12-09,9642.0,6840.51,5718.32
2025-12-10,9655.5,6886.68,5708.12
2025-12-11,9703.2,6901.0,5753.96
2025-12-12,9649.0,6827.41,5720.71
2025-12-15,9751.3,6816.51,5752.52
2025-12-16,9684.8,6800.26,5717.83
2025-12-17,9774.3,6721.43,5681.67
2025-12-18,9837.8,6774.76,5741.71
2025-12-19,9897.4,6834.5,5760.35
2025-12-22,9866.0,6878.49,5743.69
2025-12-23,9889.2,6909.79,5749.28
2025-12-24,9870.7,6932.05,5749.28
2025-12-25,9870.7,6932.05,5749.28
2025-12-26,9870.7,6929.94,5749.28
2025-12-29,9866.5,6905.74,5751.71
2025-12-30,9940.7,6896.24,5796.22
2025-12-31,9931.4,6845.5,5796.22
2026-01-01,9931.4,6845.5,5796.22
2026-01-02,9951.1,6858.47,5796.22
2026-01-05,10004.6,6902.05,5923.69
2026-01-06,10122.7,6944.82,5931.79
2026-01-07,10048.2,6920.93,5923.57
2026-01-08,10044.7,6921.46,5904.32
2026-01-09,10124.6,6966.28,5997.47
2026-01-12,10140.7,6977.27,6016.3
2026-01-13,10137.4,6963.74,6029.83
2026-01-14,10184.4,6926.6,6005.05
2026-01-15,10238.9,6944.47,6041.14
2026-01-16,10235.3,6940.01,6029.45
2026-01-19,10195.4,6940.01,5925.82
2026-01-20,10126.8,6796.86,5892.08
2026-01-21,10138.1,6875.62,5882.88
2026-01-22,10150.1,6913.35,5956.17
2026-01-23,10143.4,6915.61,5948.2
2026-01-26,10148.9,6950.23,5957.8
2026-01-27,10207.8,6978.6,5994.59
2026-01-28,10154.4,6978.03,5933.2
2026-01-29,10171.8,6969.01,5891.95
2026-01-30,10223.5,6939.03,5947.81
2026-02-02,10341.6,6976.44,6007.51
2026-02-03,10314.6,6917.81,5995.35
2026-02-04,10402.3,6882.72,5970.47
2026-02-05,10309.2,6798.4,5925.7
2026-02-06,10369.8,6932.3,5998.4
2026-02-09,10386.2,6964.82,6059.01
2026-02-10,10353.8,6941.81,6047.06
2026-02-11,10472.1,6941.47,6035.64
2026-02-12,10402.4,6832.76,6011.29
2026-02-13,10446.4,6836.17,5985.23
2026-02-16,10473.7,6836.17,5978.88
2026-02-17,10556.2,6843.22,6021.85
2026-02-18,10686.2,6881.31,6103.37
2026-02-19,10627.0,6861.89,6059.62
2026-02-20,10686.9,6909.51,6131.31
2026-02-23,10684.7,6837.75,6113.92
2026-02-24,10680.6,6890.07,6116.6
2026-02-25,10806.4,6946.13,6173.32
2026-02-26,10846.7,6908.86,6161.56
2026-02-27,10910.6,6878.88,6138.41
2026-03-02,10780.1,6881.62,5986.93
2026-03-03,10484.1,6816.63,5771.73
2026-03-04,10567.7,6869.5,5870.92
2026-03-05,10413.9,6830.71,5782.89
2026-03-06,10284.8,6740.02,5719.9
2026-03-09,10249.5,6795.99,5685.2
2026-03-10,10412.2,6781.48,5837.17
2026-03-11,10353.8,6775.8,5794.68
2026-03-12,10305.2,6672.62,5748.89
2026-03-13,10261.2,6632.19,5716.61
2026-03-16,10317.7,6699.38,5739.01
2026-03-17,10403.6,6716.09,5769.25
2026-03-18,10305.3,6624.7,5736.85
2026-03-19,10063.5,6606.49,5613.83
2026-03-20,9918.3,6506.48,5501.28
2026-03-23,9894.2,6581.0,5574.32
2026-03-24,9965.2,6556.37,5581.29
2026-03-25,10106.8,6591.9,5649.33
2026-03-26,9972.2,6477.16,5565.93
2026-03-27,9967.4,6368.85,5505.8
2026-03-30,10128.0,6343.72,5541.79
2026-03-31,10176.5,6528.52,5569.73
2026-04-01,10364.8,6575.32,5732.71
2026-04-02,10436.3,6582.69,5692.86
2026-04-03,10436.3,6582.69,5692.86
2026-04-06,10436.3,6611.83,5692.86
2026-04-07,10348.8,6616.85,5633.22
2026-04-08,10608.9,6782.81,5913.37
2026-04-09,10603.5,6824.66,5896.29
2026-04-10,10600.5,6816.89,5926.11
2026-04-13,10583.0,6886.24,5905.02
2026-04-14,10609.1,6967.38,5984.51
2026-04-15,10559.6,7022.95,5940.34
2026-04-16,10590.0,7041.28,5933.28
2026-04-17,10667.6,7126.06,6057.71
2026-04-20,10609.1,7109.14,5982.63
2026-04-21,10498.1,7064.01,5930.25
2026-04-22,10476.5,7137.9,5906.22
2026-04-23,10457.0,7108.4,5894.73
2026-04-24,10379.1,7165.08,5883.48
2026-04-27,10321.1,7173.91,5860.32
2026-04-28,10332.8,7138.8,5836.1
2026-04-29,10213.1,7135.95,5816.48
2026-04-30,10378.8,7209.01,5881.51
2026-05-01,10363.9,7230.12,5881.51
2026-05-04,10363.9,7200.75,5763.61
2026-05-05,10219.1,7259.22,5869.63
2026-05-06,10438.7,7365.12,6027.13
2026-05-07,10277.0,7337.11,5972.65
2026-05-08,10233.1,7398.93,5911.53
2026-05-11,10269.4,7412.84,5895.45
2026-05-12,10265.3,7400.96,5808.45
2026-05-13,10325.4,7444.25,5861.07
2026-05-14,10372.9,7501.24,5861.07
2026-05-15,10195.4,7408.5,5827.76
2026-05-18,10323.8,7403.05,5849.0
2026-05-19,10330.6,7353.61,5851.16
2026-05-20,10432.3,7432.97,5976.07
2026-05-21,10443.5,7445.72,5960.32
2026-05-22,10466.3,7473.47,6019.45
2026-05-25,10466.3,7473.47,6019.45
2026-05-26,10491.4,7519.12,6064.15
2026-05-27,10505.0,7520.36,6070.54
2026-05-28,10426.0,7563.63,6055.11
2026-05-29,10409.3,7580.06,6050.54
2026-06-01,10339.0,7599.96,6034.95
2026-06-02,10373.5,7609.78,6107.85
2026-06-03,10332.3,7553.68,6053.57
2026-06-04,10360.3,7584.31,6103.33
2026-06-05,10368.1,7383.74,6062.07
2026-06-08,10373.2,7405.73,6062.29
2026-06-09,10227.3,7386.65,6049.74
2026-06-10,10254.8,7266.99,6009.95
2026-06-11,10303.9,7394.3,6056.96
2026-06-12,10471.7,7431.46,6187.63
2026-06-15,10430.6,7554.29,6229.43
2026-06-16,10494.2,7511.35,6257.42
2026-06-17,10508.6,7420.1,6300.07
2026-06-18,10399.7,7500.58,6323.27
2026-06-19,10363.3,7500.58,6293.13
2026-06-22,10437.9,7472.79,6311.32
2026-06-23,10428.9,7365.46,6230.55
2026-06-24,10461.6,7358.22,6214.7
2026-06-25,10529.9,7357.49,6267.53
2026-06-26,10508.0,7354.02,6221.55
2026-06-29,10484.2,7440.43,6231.63
2026-06-30,10497.1,7499.36,6328.09
2026-07-01,10478.3,7483.23,6282.5
2026-07-02,10652.9,7483.24,6360.47
2026-07-03,10679.0,7483.24,6412.68
2026-07-06,10651.8,7537.43,6398.01
2026-07-07,10665.9,7503.85,6319.86
2026-07-08,10489.0,7482.71,6204.91
2026-07-09,10472.5,7543.64,6284.27
2026-07-10,10497.3,7575.39,6269.97
2026-07-13,10498.3,7515.34,6271.02
2026-07-14,10529.4,7543.59,6280.19
2026-07-15,10515.9,7572.4,6265.58
2026-07-16,10572.2,7533.77,6283.61
2026-07-17,10600.4,7457.69,6230.87
2026-07-20,10524.8,7443.28,6227.4
2026-07-21,10585.9,7509.2,6285.63
2026-07-22,10717.0,7498.96,6316.99
2026-07-23,10639.2,7408.3,6210.17
2026-07-24,10736.2,7411.98,6280.94
2026-07-27,10781.8,7413.18,6282.21
2026-07-28,10871.0,7428.78,6289.51
2026-07-29,10908.4,7316.15,6248.84
2026-07-30,10897.3,7437.63,6344.4
2026-07-31,10868.1,7489.72,6358.01
2026-08-03,10857.7,7600.5,6426.5
2026-08-04,10879.4,7736.52,6486.7
2026-08-05,10888.3,7723.55,6476.98
2026-08-06,10867.9,7709.96,6502.56
2026-08-07,10901.1,7757.64,6523.86
2026-08-10,10862.5,7753.11,6535.62
2026-08-11,10844.2,7728.2,6551.22
2026-08-12,10833.2,7748.5,6533.99
2026-08-13,10772.7,7798.99,6545.47
2026-08-14,10750.1,7785.76,6539.59
2026-08-17,10720.3,7745.06,6530.45
2026-08-18,10728.0,7691.76,6468.17
2026-08-19,10743.4,7707.98,6444.46
2026-08-20,10748.2,7641.16,6422.06
2026-08-21,10816.6,7674.37,6462.22
