date,t2,t5,t10,t20
2023-08-01,5.594427,4.794816,4.228452,3.968655
2023-08-02,5.502203,4.737,4.212521,3.968107
2023-08-03,5.439144,4.743702,4.27112,4.060778
2023-08-04,5.460248,4.714833,4.198713,3.977278
2023-08-07,5.479329,4.760727,4.269453,4.050482
2023-08-08,5.462183,4.728748,4.214358,3.988665
2023-08-09,5.429285,4.707943,4.197307,3.975013
2023-08-10,5.380272,4.683175,4.191856,3.983791
2023-08-11,5.51578,4.832141,4.342419,4.127003
2023-08-14,5.592181,4.867107,4.362542,4.140145
2023-08-15,5.660582,4.901672,4.391785,4.166214
2023-08-16,5.70309,4.953834,4.439111,4.209272
2023-08-17,5.780252,5.068099,4.539665,4.31175
2023-08-18,5.696067,4.996124,4.479203,4.246462
2023-08-21,5.771295,5.051595,4.526174,4.28826
2023-08-22,5.716029,4.987734,4.456911,4.217452
2023-08-23,5.521219,4.785311,4.282599,4.072209
2023-08-24,5.489606,4.768933,4.253994,4.035487
2023-08-25,5.542068,4.793001,4.261723,4.023132
2023-08-28,5.542068,4.793001,4.261723,4.023132
2023-08-29,5.448692,4.726506,4.244032,4.028149
2023-08-30,5.492754,4.737558,4.252251,4.049761
2023-08-31,5.406405,4.663183,4.187207,3.994601
2023-09-01,5.370874,4.686945,4.232174,4.056242
2023-09-04,5.422838,4.730684,4.287284,4.126139
2023-09-05,5.475458,4.780831,4.32763,4.149566
2023-09-06,5.462154,4.785152,4.334392,4.154456
2023-09-07,5.344178,4.686714,4.268951,4.102885
2023-09-08,5.29237,4.644018,4.228712,4.0758
2023-09-11,5.310858,4.662142,4.263485,4.124516
2023-09-12,5.289733,4.623278,4.22331,4.083492
2023-09-13,5.2181,4.526924,4.13953,4.008827
2023-09-14,5.179306,4.470053,4.094221,3.97019
2023-09-15,5.210924,4.512587,4.16291,4.050554
2023-09-18,5.245899,4.560047,4.183614,4.068957
2023-09-19,5.219285,4.534154,4.172721,4.067129
2023-09-20,5.060454,4.362122,4.032632,3.960267
2023-09-21,5.049791,4.39552,4.094959,4.033924
2023-09-22,4.992114,4.346997,4.066406,4.024972
2023-09-25,4.996397,4.395341,4.139864,4.11441
2023-09-26,5.039609,4.399493,4.151373,4.1301
2023-09-27,5.096987,4.471008,4.194328,4.145103
2023-09-28,5.140598,4.567483,4.279053,4.232266
2023-09-29,5.058322,4.502148,4.256456,4.231398
2023-10-02,5.12576,4.585522,4.347759,4.321045
2023-10-03,5.149504,4.609421,4.397897,4.375438
2023-10-04,5.11345,4.59041,4.372782,4.337085
2023-10-05,5.058001,4.534106,4.328267,4.328136
2023-10-06,5.083393,4.585794,4.388599,4.397362
2023-10-09,5.030076,4.494944,4.298985,4.324935
2023-10-10,5.009188,4.442511,4.240322,4.26682
2023-10-11,5.007438,4.402044,4.140688,4.120198
2023-10-12,5.03205,4.472507,4.238548,4.22705
2023-10-13,5.012326,4.439461,4.18888,4.178336
2023-10-16,5.085129,4.517674,4.283859,4.28061
2023-10-17,5.080022,4.53014,4.298722,4.286284
2023-10-18,5.163561,4.650895,4.421103,4.386314
2023-10-19,5.160296,4.70388,4.472533,4.434702
2023-10-20,5.054422,4.619942,4.417904,4.426301
2023-10-23,5.029447,4.574128,4.383035,4.377399
2023-10-24,4.970492,4.488543,4.32507,4.33578
2023-10-25,5.001819,4.543209,4.391613,4.402163
2023-10-26,4.93811,4.490717,4.355347,4.389465
2023-10-27,4.912335,4.461264,4.339651,4.38875
2023-10-30,4.909906,4.452057,4.330352,4.377878
2023-10-31,4.903523,4.424299,4.292452,4.333767
2023-11-01,4.888759,4.392986,4.263897,4.31114
2023-11-02,4.825607,4.288282,4.156488,4.211229
2023-11-03,4.759243,4.197173,4.072223,4.127931
2023-11-06,4.773958,4.256417,4.140496,4.191572
2023-11-07,4.72653,4.187209,4.042253,4.082339
2023-11-08,4.741458,4.173776,3.992812,4.009772
2023-11-09,4.733438,4.183964,4.036635,4.068036
2023-11-10,4.780629,4.254966,4.085202,4.110003
2023-11-13,4.782839,4.253033,4.066128,4.083604
2023-11-14,4.669777,4.106575,3.917424,3.928023
2023-11-15,4.695153,4.156295,3.987065,4.002021
2023-11-16,4.63124,4.063979,3.894381,3.919002
2023-11-17,4.628925,4.03797,3.855361,3.879086
2023-11-20,4.650352,4.072356,3.890879,3.912264
2023-11-21,4.67293,4.089222,3.890674,3.90648
2023-11-22,4.736479,4.139921,3.927891,3.94134
2023-11-23,4.793515,4.214401,3.996264,4.006158
2023-11-24,4.81815,4.237072,4.016252,4.029993
2023-11-27,4.743617,4.158784,3.945154,3.958398
2023-11-28,4.692383,4.110799,3.918727,3.93944
2023-11-29,4.626591,4.007661,3.823573,3.870572
2023-11-30,4.683894,4.108548,3.956092,4.014571
2023-12-01,4.59035,4.019067,3.872599,3.948368
2023-12-04,4.664268,4.092982,3.934016,3.994091
2023-12-05,4.56844,3.961588,3.780879,3.837833
2023-12-06,4.535593,3.906682,3.702426,3.733132
2023-12-07,4.532111,3.911054,3.709517,3.739533
2023-12-08,4.563298,3.963567,3.764299,3.79348
2023-12-11,4.614422,4.014801,3.821453,3.842092
2023-12-12,4.502499,3.908729,3.732039,3.774825
2023-12-13,4.389563,3.748826,3.568179,3.621804
2023-12-14,4.319752,3.677736,3.53176,3.606267
2023-12-15,4.271342,3.601912,3.428082,3.479181
2023-12-18,4.271766,3.590405,3.418016,3.468771
2023-12-19,4.227107,3.52862,3.367633,3.439468
2023-12-20,4.06692,3.372115,3.239374,3.344907
2023-12-21,4.042008,3.359929,3.246466,3.365379
2023-12-22,4.006766,3.320104,3.204016,3.326147
2023-12-25,4.006766,3.320104,3.204016,3.326147
2023-12-26,4.006766,3.320104,3.204016,3.326147
2023-12-27,3.977004,3.254558,3.137638,3.270307
2023-12-28,3.962264,3.28503,3.191403,3.340135
2023-12-29,3.962521,3.316791,3.237676,3.382788
2024-01-01,3.962521,3.316791,3.237676,3.382788
2024-01-02,4.01881,3.381076,3.344083,3.52299
2024-01-03,4.000844,3.354499,3.311444,3.501075
2024-01-04,4.106977,3.501432,3.451461,3.62398
2024-01-05,4.176566,3.580884,3.515303,3.662633
2024-01-08,4.150319,3.552545,3.49347,3.648934
2024-01-09,4.162953,3.556468,3.500855,3.656501
2024-01-10,4.196049,3.581428,3.518082,3.669143
2024-01-11,4.169819,3.590504,3.548806,3.702382
2024-01-12,4.079535,3.507694,3.487254,3.659352
2024-01-15,4.062943,3.493172,3.488597,3.675304
2024-01-16,4.067821,3.514735,3.533497,3.741182
2024-01-17,4.290293,3.722303,3.692787,3.862648
2024-01-18,4.237386,3.66641,3.649021,3.83498
2024-01-19,4.265172,3.684557,3.634449,3.808309
2024-01-22,4.255014,3.681101,3.626456,3.790988
2024-01-23,4.316367,3.755931,3.698815,3.847171
2024-01-24,4.344464,3.776185,3.705962,3.859961
2024-01-25,4.289058,3.745316,3.702495,3.869156
2024-01-26,4.259192,3.715807,3.68389,3.857885
2024-01-29,4.202021,3.647818,3.610982,3.794297
2024-01-30,4.265687,3.68984,3.640336,3.808744
2024-01-31,4.162154,3.57677,3.530065,3.717067
2024-02-01,4.156862,3.549944,3.504561,3.698482
2024-02-02,4.309387,3.712771,3.650864,3.817777
2024-02-05,4.379153,3.801827,3.723446,3.878067
2024-02-06,4.350723,3.761604,3.667343,3.820021
2024-02-07,4.370401,3.787771,3.711805,3.860061
2024-02-08,4.406095,3.85406,3.763442,3.901665
2024-02-09,4.45554,3.891671,3.776796,3.893144
2024-02-12,4.424827,3.874269,3.776072,3.896279
2024-02-13,4.571918,3.997641,3.865629,3.962843
2024-02-14,4.430239,3.843185,3.748652,3.865655
2024-02-15,4.421063,3.851457,3.764007,3.896334
2024-02-16,4.528813,3.941515,3.831335,3.941543
2024-02-19,4.495509,3.932408,3.833201,3.947568
2024-02-20,4.423696,3.867606,3.765294,3.883247
2024-02-21,4.509109,3.946304,3.814543,3.916639
2024-02-22,4.538844,3.980278,3.830054,3.92024
2024-02-23,4.482501,3.91374,3.760921,3.855075
2024-02-26,4.524135,3.973302,3.824693,3.911256
2024-02-27,4.558302,4.005499,3.848656,3.927484
2024-02-28,4.554307,3.991068,3.826676,3.90134
2024-02-29,4.517681,3.950788,3.773155,3.836602
2024-03-01,4.497687,3.927904,3.749396,3.814763
2024-03-04,4.555135,3.965379,3.77488,3.839271
2024-03-05,4.499836,3.877846,3.673714,3.730933
2024-03-06,4.487665,3.85019,3.64923,3.70233
2024-03-07,4.487333,3.86294,3.655743,3.689452
2024-03-08,4.444256,3.814616,3.618558,3.669203
2024-03-11,4.420954,3.791514,3.617933,3.681399
2024-03-12,4.406921,3.770344,3.600735,3.666732
2024-03-13,4.442609,3.826138,3.654339,3.720298
2024-03-14,4.482884,3.897317,3.727596,3.792947
2024-03-15,4.494216,3.913608,3.733558,3.794236
2024-03-18,4.503678,3.927011,3.741541,3.802358
2024-03-19,4.452208,3.872836,3.716356,3.787862
2024-03-20,4.44032,3.850057,3.685641,3.763305
2024-03-21,4.344447,3.794386,3.664988,3.767474
2024-03-22,4.291774,3.733477,3.609717,3.722737
2024-03-25,4.35081,3.787478,3.654077,3.763911
2024-03-26,4.365131,3.770551,3.626509,3.724075
2024-03-27,4.341249,3.742138,3.599133,3.694013
2024-03-28,4.330265,3.737429,3.600613,3.699678
2024-03-29,4.330265,3.737429,3.600613,3.699678
2024-04-01,4.330265,3.737429,3.600613,3.699678
2024-04-02,4.38766,3.832505,3.720727,3.828319
2024-04-03,4.371935,3.794676,3.679252,3.792313
2024-04-04,4.356997,3.784333,3.676832,3.793936
2024-04-05,4.358341,3.820894,3.717233,3.837022
2024-04-08,4.398521,3.862869,3.745548,3.856736
2024-04-09,4.369296,3.804526,3.676971,3.783554
2024-04-10,4.525336,3.960543,3.80251,3.88602
2024-04-11,4.595676,4.011434,3.842883,3.92327
2024-04-12,4.515842,3.950919,3.789048,3.876116
2024-04-15,4.584249,4.04138,3.890998,3.974241
2024-04-16,4.671582,4.124939,3.950398,4.013764
2024-04-17,4.629964,4.066012,3.898218,3.957064
2024-04-18,4.647358,4.094931,3.927299,3.998555
2024-04-19,4.555114,4.035858,3.883089,3.966253
2024-04-22,4.52308,4.007307,3.867005,3.957694
2024-04-23,4.561905,4.039344,3.893445,3.985073
2024-04-24,4.630065,4.123839,3.994642,4.082496
2024-04-25,4.666594,4.158358,4.019763,4.105007
2024-04-26,4.640595,4.137047,3.984425,4.066922
2024-04-29,4.624004,4.101447,3.950114,4.035051
2024-04-30,4.693695,4.171326,4.011069,4.089661
2024-05-01,4.693695,4.171326,4.011069,4.089661
2024-05-02,4.608928,4.083772,3.93854,4.031623
2024-05-03,4.525481,4.004161,3.866723,3.968056
2024-05-06,4.525481,4.004161,3.866723,3.968056
2024-05-07,4.495623,3.932611,3.788823,3.886484
2024-05-08,4.494565,3.926053,3.782677,3.881226
2024-05-09,4.42243,3.887847,3.781459,3.896602
2024-05-10,4.469332,3.934105,3.81122,3.921755
2024-05-13,4.503117,3.949752,3.815624,3.924084
2024-05-14,4.487638,3.935241,3.802826,3.906959
2024-05-15,4.410074,3.838149,3.702568,3.804739
2024-05-16,4.416492,3.860677,3.731949,3.834443
2024-05-17,4.453971,3.917498,3.785123,3.887146
2024-05-20,4.493707,3.955331,3.829196,3.933991
2024-05-21,4.464679,3.913993,3.786139,3.898526
2024-05-22,4.632846,4.032388,3.873424,3.962724
2024-05-23,4.656917,4.053232,3.879729,3.955663
2024-05-24,4.659451,4.064325,3.889312,3.969528
2024-05-27,4.659451,4.064325,3.889312,3.969528
2024-05-28,4.682198,4.079637,3.906994,3.993177
2024-05-29,4.732673,4.174075,4.023194,4.117926
2024-05-30,4.671669,4.132318,3.974364,4.072875
2024-05-31,4.643792,4.102222,3.950839,4.042629
2024-06-03,4.615064,4.036026,3.872735,3.958673
2024-06-04,4.595169,3.995004,3.823976,3.906877
2024-06-05,4.597913,3.988966,3.819357,3.902385
2024-06-06,4.561189,3.964286,3.806329,3.895391
2024-06-07,4.609044,4.051883,3.891692,3.975012
2024-06-10,4.673697,4.132614,3.978513,4.063349
2024-06-11,4.628301,4.075876,3.928727,4.025339
2024-06-12,4.512153,3.923565,3.778378,3.887755
2024-06-13,4.487245,3.907134,3.782298,3.896943
2024-06-14,4.429243,3.840569,3.695852,3.805203
2024-06-17,4.474766,3.88096,3.739511,3.851883
2024-06-18,4.419525,3.814075,3.680175,3.793057
2024-06-19,4.446292,3.833151,3.701877,3.818986
2024-06-20,4.391601,3.794695,3.691599,3.827588
2024-06-21,4.382072,3.814445,3.703444,3.843245
2024-06-24,4.412839,3.834055,3.716309,3.855623
2024-06-25,4.41301,3.824223,3.70085,3.832566
2024-06-26,4.454162,3.879871,3.759721,3.884143
2024-06-27,4.468786,3.889738,3.762353,3.88495
2024-06-28,4.436679,3.907572,3.808103,3.943807
2024-07-01,4.497526,3.980056,3.900389,4.044313
2024-07-02,4.485181,3.963704,3.875596,4.021249
2024-07-03,4.45069,3.906055,3.802282,3.94221
2024-07-04,4.438986,3.925279,3.832015,3.971194
2024-07-05,4.386054,3.872155,3.779627,3.921533
2024-07-08,4.392617,3.854238,3.753727,3.897552
2024-07-09,4.407847,3.883557,3.792629,3.938917
2024-07-10,4.397357,3.861176,3.767534,3.916193
2024-07-11,4.318322,3.796578,3.719782,3.875125
2024-07-12,4.332473,3.834411,3.756514,3.910184
2024-07-15,4.340608,3.824462,3.753259,3.915454
2024-07-16,4.310541,3.774493,3.692174,3.851722
2024-07-17,4.340395,3.806649,3.715708,3.867934
2024-07-18,4.293409,3.784645,3.714786,3.875622
2024-07-19,4.322192,3.834289,3.768139,3.93763
2024-07-22,4.397009,3.890494,3.816244,3.977532
2024-07-23,4.360736,3.851571,3.770398,3.93115
2024-07-24,4.332882,3.85443,3.804723,3.975068
2024-07-25,4.292485,3.824144,3.780153,3.963939
2024-07-26,4.26523,3.796015,3.75067,3.938462
2024-07-29,4.268384,3.769919,3.709331,3.893194
2024-07-30,4.232092,3.736833,3.683547,3.864735
2024-07-31,4.205891,3.683351,3.623589,3.811817
2024-08-01,4.056704,3.58512,3.561712,3.771333
2024-08-02,3.971868,3.518682,3.497275,3.714024
2024-08-05,4.041934,3.57762,3.536107,3.735507
2024-08-06,4.047862,3.609744,3.575291,3.757192
2024-08-07,4.034004,3.608747,3.584238,3.770355
2024-08-08,4.058431,3.649076,3.625002,3.808765
2024-08-09,4.031899,3.617854,3.589784,3.773124
2024-08-12,4.040378,3.601264,3.555752,3.740124
2024-08-13,4.00448,3.569766,3.537222,3.729306
2024-08-14,3.9835,3.536975,3.495316,3.684373
2024-08-15,4.043784,3.619392,3.568219,3.748463
2024-08-16,4.062874,3.634969,3.570077,3.742726
2024-08-19,4.074178,3.636682,3.566956,3.729192
2024-08-20,4.062894,3.632067,3.568986,3.734539
2024-08-21,4.029556,3.604758,3.547859,3.721447
2024-08-22,4.062888,3.667277,3.613629,3.782048
2024-08-23,4.02005,3.626107,3.576246,3.735936
2024-08-26,4.02005,3.626107,3.576246,3.735936
2024-08-27,4.060822,3.675831,3.622602,3.784499
2024-08-28,4.05164,3.67923,3.635925,3.798207
2024-08-29,4.034916,3.682865,3.640154,3.80721
2024-08-30,4.047799,3.68517,3.643981,3.807637
2024-09-02,4.045854,3.694066,3.663341,3.833299
2024-09-03,4.01876,3.648396,3.610518,3.778551
2024-09-04,3.961452,3.58547,3.552612,3.725352
2024-09-05,3.929919,3.561107,3.531246,3.702991
2024-09-06,3.911517,3.557595,3.533693,3.712084
2024-09-09,3.809742,3.478012,3.478419,3.672837
2024-09-10,3.795502,3.452136,3.452227,3.652756
2024-09-11,3.728925,3.377641,3.398224,3.618637
2024-09-12,3.776563,3.406936,3.411653,3.623668
2024-09-13,3.700778,3.366166,3.382887,3.59784
2024-09-16,3.673267,3.357063,3.373652,3.588485
2024-09-17,3.718223,3.388999,3.389732,3.595074
2024-09-18,3.794021,3.457716,3.450009,3.646191
2024-09-19,3.812442,3.495523,3.508087,3.707316
2024-09-20,3.782802,3.483321,3.502963,3.704117
2024-09-23,3.782981,3.501793,3.521909,3.728086
2024-09-24,3.770337,3.50323,3.533399,3.740006
2024-09-25,3.823428,3.564303,3.589945,3.800527
2024-09-26,3.849555,3.580248,3.613186,3.839944
2024-09-27,3.785717,3.529975,3.571333,3.799644
2024-09-30,3.843,3.564759,3.582748,3.797604
2024-10-01,3.822446,3.525979,3.53138,3.737123
2024-10-02,3.876227,3.605369,3.620307,3.824861
2024-10-03,3.821646,3.568334,3.608281,3.825035
2024-10-04,4.005956,3.736547,3.723097,3.90718
2024-10-07,4.063674,3.807394,3.786029,3.958538
2024-10-08,4.023865,3.777997,3.77056,3.951564
2024-10-09,4.04995,3.789977,3.780184,3.962328
2024-10-10,4.021099,3.788112,3.81122,3.998024
2024-10-11,3.968453,3.749295,3.779619,3.968861
2024-10-14,4.009239,3.793651,3.816477,4.012092
2024-10-15,3.972639,3.740557,3.739803,3.922604
2024-10-16,3.872811,3.647185,3.65966,3.850834
2024-10-17,3.873209,3.652811,3.680688,3.874521
2024-10-18,3.800837,3.59428,3.634343,3.837572
2024-10-21,3.860389,3.666675,3.716003,3.93329
2024-10-22,3.885675,3.694925,3.739619,3.954256
2024-10-23,3.90963,3.739895,3.788939,3.998052
2024-10-24,3.942737,3.762413,3.802715,4.004992
2024-10-25,3.961895,3.790593,3.812954,3.995415
2024-10-28,3.972838,3.811921,3.826437,4.007259
2024-10-29,4.013276,3.854206,3.867048,4.035672
2024-10-30,4.146323,3.940191,3.934763,4.091799
2024-10-31,4.203577,3.986005,3.958078,4.088554
2024-11-01,4.185534,3.9768,3.962048,4.109869
2024-11-04,4.19967,3.98863,3.9676,4.122261
2024-11-05,4.260833,4.065043,4.008077,4.139068
2024-11-06,4.239564,4.061802,4.028792,4.163526
2024-11-07,4.169204,3.966386,3.958983,4.092776
2024-11-08,4.182805,3.960713,3.93635,4.085425
2024-11-11,4.191398,3.968131,3.931114,4.075996
2024-11-12,4.272837,4.067077,4.025388,4.148472
2024-11-13,4.277417,4.075617,4.023856,4.136333
2024-11-14,4.218111,4.002699,3.971055,4.110138
2024-11-15,4.191374,3.97248,3.948727,4.0965
2024-11-18,4.20331,3.977255,3.942366,4.078923
2024-11-19,4.200272,3.964255,3.919537,4.047037
2024-11-20,4.19289,3.961848,3.938032,4.08224
2024-11-21,4.161509,3.931182,3.919802,4.069803
2024-11-22,4.111555,3.88841,3.86924,4.015486
2024-11-25,4.112451,3.869709,3.830112,3.976006
2024-11-26,4.118605,3.863666,3.822198,3.971315
2024-11-27,4.119137,3.834473,3.780203,3.930901
2024-11-28,4.101795,3.814497,3.769539,3.918568
2024-11-29,4.062323,3.770708,3.738941,3.895579
2024-12-02,4.05107,3.762703,3.73889,3.906545
2024-12-03,4.049288,3.774247,3.759159,3.939496
2024-12-04,4.04928,3.770857,3.756296,3.941863
2024-12-05,4.083033,3.792462,3.764268,3.949821
2024-12-06,4.062119,3.78216,3.761701,3.946807
2024-12-09,4.047465,3.766945,3.75848,3.960294
2024-12-10,4.069166,3.808995,3.809469,4.010715
2024-12-11,4.052527,3.790426,3.804759,4.017375
2024-12-12,4.080111,3.817654,3.8413,4.064064
2024-12-13,4.098649,3.869864,3.889866,4.113145
2024-12-16,4.135438,3.906866,3.901515,4.112241
2024-12-17,4.268716,4.012092,3.982215,4.1721
2024-12-18,4.284593,4.033942,4.009718,4.188905
2024-12-19,4.251811,4.036313,4.058541,4.258266
2024-12-20,4.188336,3.942963,3.959969,4.161687
2024-12-23,4.208066,3.972868,3.998259,4.205549
2024-12-24,4.253875,4.029167,4.034561,4.238501
2024-12-25,4.253875,4.029167,4.034561,4.238501
2024-12-26,4.253875,4.029167,4.034561,4.238501
2024-12-27,4.251963,4.042061,4.079723,4.289266
2024-12-30,4.244085,4.033448,4.059752,4.279285
2024-12-31,4.209044,3.991791,4.026146,4.248039
2025-01-01,4.209044,3.991791,4.026146,4.248039
2025-01-02,4.203197,3.999981,4.045262,4.272085
2025-01-03,4.217186,4.019526,4.052296,4.275402
2025-01-06,4.224135,4.02542,4.050171,4.278478
2025-01-07,4.24186,4.077947,4.123461,4.354563
2025-01-08,4.321659,4.179784,4.236743,4.473374
2025-01-09,4.295867,4.166415,4.232599,4.471529
2025-01-10,4.315784,4.187223,4.24953,4.491978
2025-01-13,4.350341,4.221926,4.248191,4.469872
2025-01-14,4.409769,4.278295,4.305008,4.516238
2025-01-15,4.238857,4.107463,4.151238,4.37564
2025-01-16,4.194435,4.057458,4.11565,4.342742
2025-01-17,4.161172,4.029314,4.093831,4.327392
2025-01-20,4.177788,4.047237,4.106277,4.34659
2025-01-21,4.164651,4.005126,4.054107,4.292983
2025-01-22,4.161688,4.011057,4.064656,4.303058
2025-01-23,4.128395,3.998699,4.070099,4.313432
2025-01-24,4.139503,4.010025,4.078359,4.323
2025-01-27,4.081888,3.952671,4.023596,4.268604
2025-01-28,4.113586,3.978221,4.042543,4.283533
2025-01-29,4.111241,3.976497,4.041995,4.280674
2025-01-30,4.065051,3.918153,3.990376,4.231828
2025-01-31,4.021793,3.881462,3.971651,4.224772
2025-02-03,3.983696,3.839826,3.927629,4.190487
2025-02-04,3.989594,3.868835,3.96588,4.227882
2025-02-05,3.956616,3.795582,3.874645,4.129729
2025-02-06,3.960397,3.843081,3.936983,4.187243
2025-02-07,3.98346,3.859514,3.945426,4.195655
2025-02-10,3.927261,3.824295,3.929382,4.192023
2025-02-11,3.973348,3.870743,3.966129,4.226409
2025-02-12,3.975222,3.89336,4.002882,4.267022
2025-02-13,3.992305,3.887143,3.985081,4.245156
2025-02-14,4.000145,3.910106,4.011241,4.272612
2025-02-17,3.992783,3.912146,4.015909,4.279242
2025-02-18,4.027861,3.939328,4.037421,4.296272
2025-02-19,4.06021,3.976294,4.080273,4.336835
2025-02-20,4.055201,3.98087,4.093072,4.352144
2025-02-21,4.02435,3.936656,4.041403,4.304406
2025-02-24,4.025578,3.947849,4.049192,4.316406
2025-02-25,3.984203,3.879426,3.971061,4.236827
2025-02-26,3.986843,3.877295,3.969413,4.233147
2025-02-27,3.981908,3.885754,3.997959,4.265025
2025-02-28,3.963236,3.852631,3.952704,4.217438
2025-03-03,4.019365,3.903131,3.996935,4.262771
2025-03-04,3.984139,3.869854,3.981394,4.263361
2025-03-05,4.064517,3.998997,4.116665,4.380757
2025-03-06,4.038426,3.977827,4.090152,4.345265
2025-03-07,4.0061,3.938055,4.061206,4.325389
2025-03-10,3.998627,3.934602,4.073718,4.345405
2025-03-11,3.982939,3.939029,4.111394,4.407533
2025-03-12,4.031671,3.990522,4.151653,4.442855
2025-03-13,3.991901,3.952777,4.106881,4.395762
2025-03-14,3.994563,3.953488,4.112061,4.402775
2025-03-17,4.020218,3.951842,4.092241,4.370797
2025-03-18,4.016502,3.944397,4.085812,4.370244
2025-03-19,4.031771,3.959998,4.0916,4.370926
2025-03-20,4.047877,3.987221,4.12132,4.394388
2025-03-21,4.060522,4.014652,4.170364,4.464083
2025-03-24,4.082941,4.025978,4.188174,4.488097
2025-03-25,4.112649,4.054558,4.211122,4.515358
2025-03-26,4.050079,4.008033,4.175306,4.467807
2025-03-27,4.047382,4.042434,4.236418,4.545527
2025-03-28,3.987814,3.963228,4.146453,4.458671
2025-03-31,4.002745,3.96048,4.147803,4.462417
2025-04-01,3.990997,3.937629,4.120049,4.435125
2025-04-02,3.986232,3.946616,4.132693,4.442877
2025-04-03,3.834919,3.769399,3.984377,4.321414
2025-04-04,3.741597,3.685049,3.883978,4.206313
2025-04-07,3.819599,3.822427,4.104431,4.482349
2025-04-08,3.72263,3.763458,4.075041,4.4788
2025-04-09,3.771147,3.864454,4.237431,4.712216
2025-04-10,3.654478,3.68692,4.056657,4.53021
2025-04-11,3.780966,3.811549,4.131934,4.604281
2025-04-14,3.790586,3.792076,4.107217,4.555047
2025-04-15,3.725036,3.747435,4.104535,4.586597
2025-04-16,3.734776,3.752139,4.083484,4.535745
2025-04-17,3.677993,3.696513,4.036831,4.501993
2025-04-18,3.677993,3.696513,4.036831,4.501993
2025-04-21,3.677993,3.696513,4.036831,4.501993
2025-04-22,3.617307,3.66704,4.047558,4.542906
2025-04-23,3.683005,3.716124,4.062023,4.508243
2025-04-24,3.629746,3.648536,3.9808,4.415874
2025-04-25,3.610062,3.630768,3.958934,4.393751
2025-04-28,3.613273,3.639769,3.98687,4.438446
2025-04-29,3.589945,3.614924,3.964506,4.422272
2025-04-30,3.556509,3.574195,3.921296,4.373555
2025-05-01,3.552114,3.595838,3.962993,4.43184
2025-05-02,3.59552,3.628452,3.980313,4.444869
2025-05-05,3.59552,3.628452,3.980313,4.444869
2025-05-06,3.580656,3.608302,3.96927,4.439762
2025-05-07,3.576228,3.588531,3.922697,4.383292
2025-05-08,3.683542,3.69351,4.024087,4.478163
2025-05-09,3.661827,3.691059,4.042989,4.509691
2025-05-12,3.779017,3.795834,4.118343,4.558642
2025-05-13,3.765568,3.782963,4.119622,4.574713
2025-05-14,3.823758,3.85348,4.186534,4.633101
2025-05-15,3.779153,3.80382,4.118842,4.557371
2025-05-16,3.788853,3.814391,4.131685,4.565219
2025-05-19,3.798041,3.817386,4.134955,4.569988
2025-05-20,3.825106,3.85546,4.178779,4.616148
2025-05-21,3.854218,3.897218,4.233411,4.673843
2025-05-22,3.804815,3.867003,4.229597,4.694423
2025-05-23,3.792397,3.823113,4.159908,4.622344
2025-05-26,3.792397,3.823113,4.159908,4.622344
2025-05-27,3.830224,3.832271,4.14791,4.592281
2025-05-28,3.851324,3.870905,4.194733,4.635554
2025-05-29,3.784235,3.804812,4.125029,4.569146
2025-05-30,3.791436,3.81389,4.118377,4.549366
2025-06-02,3.803877,3.83,4.153924,4.59975
2025-06-03,3.7863,3.81,4.131122,4.571759
2025-06-04,3.766175,3.78,4.091452,4.524924
2025-06-05,3.78267,3.8,4.099152,4.525163
2025-06-06,3.790491,3.83,4.136619,4.556168
2025-06-09,3.780328,3.81,4.119428,4.544474
2025-06-10,3.697506,3.73,4.04246,4.477435
2025-06-11,3.69484,3.72,4.050319,4.496619
2025-06-12,3.648254,3.66,3.987337,4.425292
2025-06-13,3.686045,3.73,4.062524,4.496951
2025-06-16,3.679818,3.71,4.044938,4.487166
2025-06-17,3.673868,3.71,4.044915,4.492323
2025-06-18,3.674435,3.69,4.006936,4.448854
2025-06-19,3.681225,3.7,4.025613,4.471517
2025-06-20,3.668136,3.71,4.029622,4.470719
2025-06-23,3.661535,3.68,3.999219,4.433952
2025-06-24,3.633463,3.66,3.990572,4.440511
2025-06-25,3.593482,3.64,3.981432,4.436592
2025-06-26,3.567296,3.61,3.973071,4.45836
2025-06-27,3.572735,3.63,4.003277,4.483026
2025-06-30,3.578572,3.62,3.987,4.477739
2025-07-01,3.575677,3.580851,3.918318,4.397148
2025-07-02,3.627802,3.6894,4.07122,4.576981
2025-07-03,3.577553,3.644505,4.020893,4.524573
2025-07-04,3.573358,3.637193,4.017453,4.513217
2025-07-07,3.599605,3.667136,4.054042,4.562529
2025-07-08,3.618639,3.694203,4.09614,4.62173
2025-07-09,3.612306,3.683269,4.071405,4.585321
2025-07-10,3.598117,3.683351,4.072054,4.58948
2025-07-11,3.600263,3.700459,4.101452,4.619325
2025-07-14,3.574669,3.675127,4.082794,4.614483
2025-07-15,3.603275,3.703711,4.11028,4.643333
2025-07-16,3.612782,3.71182,4.11612,4.642724
2025-07-17,3.656512,3.759173,4.15896,4.683213
2025-07-18,3.641862,3.7536,4.159514,4.692453
2025-07-21,3.640111,3.716949,4.102424,4.624621
2025-07-22,3.604525,3.676575,4.072486,4.601812
2025-07-23,3.634586,3.73229,4.142308,4.685779
2025-07-24,3.618572,3.713879,4.114485,4.648428
2025-07-25,3.641791,3.733743,4.114924,4.631414
2025-07-28,3.659503,3.75772,4.141097,4.65396
2025-07-29,3.649711,3.73568,4.120642,4.639917
2025-07-30,3.651471,3.72038,4.09222,4.60595
2025-07-31,3.630155,3.698865,4.06448,4.570822
2025-08-01,3.542982,3.630955,4.020287,4.540162
2025-08-04,3.579073,3.634425,4.004858,4.516455
2025-08-05,3.597224,3.639986,4.010418,4.522647
2025-08-06,3.58255,3.636644,4.011695,4.536613
2025-08-07,3.630643,3.677463,4.038903,4.546026
2025-08-08,3.63394,3.702995,4.087026,4.609217
2025-08-11,3.623098,3.672845,4.047417,4.570455
2025-08-12,3.646176,3.708185,4.101484,4.644419
2025-08-13,3.636392,3.690931,4.07339,4.610308
2025-08-14,3.649059,3.719773,4.10865,4.65691
2025-08-15,3.669961,3.759887,4.168611,4.73269
2025-08-18,3.705539,3.786292,4.188846,4.752149
2025-08-19,3.723514,3.79489,4.186546,4.742256
2025-08-20,3.681239,3.746876,4.14427,4.694286
2025-08-21,3.711617,3.795938,4.193263,4.740901
2025-08-22,3.695959,3.779037,4.165611,4.712464
2025-08-25,3.695959,3.779037,4.165611,4.712464
2025-08-26,3.732852,3.80772,4.203891,4.757925
2025-08-27,3.727668,3.798565,4.193284,4.745505
2025-08-28,3.687494,3.772704,4.168235,4.722817
2025-08-29,3.701766,3.785755,4.185833,4.749994
2025-09-01,3.715609,3.814457,4.227085,4.799452
2025-09-02,3.733921,3.837109,4.254207,4.838607
2025-09-03,3.71499,3.799416,4.189353,4.748229
2025-09-04,3.69881,3.77662,4.163049,4.719061
2025-09-05,3.663109,3.735045,4.125253,4.67982
2025-09-08,3.65013,3.707291,4.082964,4.633512
2025-09-09,3.659667,3.713897,4.089879,4.636986
2025-09-10,3.682796,3.735075,4.099713,4.641954
2025-09-11,3.672631,3.704389,4.051877,4.579591
2025-09-12,3.698064,3.750912,4.102934,4.623113
2025-09-15,3.683093,3.736947,4.087864,4.61023
2025-09-16,3.691999,3.739984,4.082183,4.596695
2025-09-17,3.70908,3.748517,4.078328,4.581015
2025-09-18,3.696435,3.749916,4.109297,4.632653
2025-09-19,3.70558,3.783959,4.152634,4.685907
2025-09-22,3.709326,3.787303,4.136913,4.671813
2025-09-23,3.696188,3.768089,4.125879,4.644413
2025-09-24,3.690469,3.764518,4.119908,4.640562
2025-09-25,3.73259,3.81807,4.177942,4.695841
2025-09-26,3.73737,3.820982,4.177793,4.701231
2025-09-29,3.722539,3.797339,4.141788,4.655375
2025-09-30,3.726835,3.797931,4.145867,4.657454
2025-10-01,3.707745,3.78397,4.15066,4.672431
2025-10-02,3.715438,3.791703,4.144762,4.664205
2025-10-03,3.67043,3.770971,4.143331,4.665648
2025-10-06,3.719301,3.812772,4.18265,4.714258
2025-10-07,3.726807,3.807279,4.166564,4.691439
2025-10-08,3.728535,3.80601,4.157067,4.672987
2025-10-09,3.739395,3.836852,4.199674,4.72103
2025-10-10,3.696721,3.775301,4.125512,4.640782
2025-10-13,3.681167,3.757729,4.112635,4.633576
2025-10-14,3.624899,3.679678,4.035046,4.551412
2025-10-15,3.61348,3.673514,4.027602,4.542943
2025-10-16,3.568517,3.617637,3.96793,4.482566
2025-10-17,3.585649,3.645369,4.007157,4.526239
2025-10-20,3.579453,3.632824,3.986531,4.506773
2025-10-21,3.588324,3.622231,3.95807,4.463036
2025-10-22,3.493672,3.56227,3.918551,4.431044
2025-10-23,3.495908,3.572723,3.925138,4.434431
2025-10-24,3.507271,3.588631,3.94062,4.442801
2025-10-27,3.518186,3.581614,3.914875,4.408285
2025-10-28,3.487838,3.559568,3.905132,4.401152
2025-10-29,3.490217,3.568535,3.913358,4.40977
2025-10-30,3.499777,3.580783,3.912854,4.399003
2025-10-31,3.48635,3.570504,3.91585,4.408065
2025-11-03,3.497508,3.587626,3.931905,4.426186
2025-11-04,3.494037,3.580421,3.927504,4.428795
2025-11-05,3.535677,3.619385,3.963253,4.466724
2025-11-06,3.515294,3.590913,3.939111,4.444659
2025-11-07,3.518929,3.605691,3.957229,4.463092
2025-11-10,3.52757,3.61176,3.950603,4.453346
2025-11-11,3.451073,3.534619,3.884776,4.396703
2025-11-12,3.455738,3.544488,3.899537,4.415282
2025-11-13,3.478226,3.574498,3.933324,4.451423
2025-11-14,3.55254,3.688988,4.06406,4.591771
2025-11-17,3.528289,3.656794,4.0251,4.546051
2025-11-18,3.518612,3.653612,4.037942,4.573141
2025-11-19,3.532827,3.683259,4.082164,4.624837
2025-11-20,3.508662,3.656894,4.057186,4.595555
2025-11-21,3.490275,3.63709,4.02299,4.549653
2025-11-24,3.507376,3.656049,4.029486,4.554714
2025-11-25,3.478717,3.613747,3.994412,4.522874
2025-11-26,3.463368,3.576647,3.937836,4.445812
2025-11-27,3.472835,3.59101,3.952188,4.445215
2025-11-28,3.468765,3.589609,3.946157,4.436087
2025-12-01,3.482725,3.622343,4.001031,4.511174
2025-12-02,3.474842,3.601922,3.975887,4.487225
2025-12-03,3.463171,3.588062,3.958115,4.46175
2025-12-04,3.455055,3.586919,3.956934,4.458463
2025-12-05,3.493163,3.638197,4.002681,4.502233
2025-12-08,3.55538,3.699744,4.04193,4.524627
2025-12-09,3.537926,3.678032,4.022784,4.499541
2025-12-10,3.547578,3.693778,4.038755,4.515661
2025-12-11,3.519504,3.662569,4.000516,4.47695
2025-12-12,3.48877,3.660602,4.037988,4.534286
2025-12-15,3.48213,3.646313,4.015244,4.506858
2025-12-16,3.512204,3.671557,4.041194,4.53048
2025-12-17,3.449852,3.622773,4.007875,4.506106
2025-12-18,3.476597,3.638883,4.009913,4.49485
2025-12-19,3.488506,3.669498,4.051914,4.542609
2025-12-22,3.492208,3.680053,4.06129,4.554999
2025-12-23,3.496656,3.663808,4.037296,4.522126
2025-12-24,3.501335,3.665041,4.025644,4.507079
2025-12-25,3.501335,3.665041,4.025644,4.507079
2025-12-26,3.501335,3.665041,4.025644,4.507079
2025-12-29,3.473576,3.646738,4.016154,4.498825
2025-12-30,3.461923,3.638347,4.014024,4.495506
2025-12-31,3.454123,3.621165,3.995968,4.47579
2026-01-01,3.454123,3.621165,3.995968,4.47579
2026-01-02,3.464142,3.662147,4.056089,4.551553
2026-01-05,3.454346,3.644966,4.029109,4.524339
2026-01-06,3.453998,3.632289,4.013057,4.514123
2026-01-07,3.425838,3.590471,3.967654,4.460369
2026-01-08,3.429392,3.593022,3.973405,4.469192
2026-01-09,3.405668,3.572451,3.949241,4.434487
2026-01-12,3.411729,3.570436,3.93021,4.409608
2026-01-13,3.424218,3.592646,3.967993,4.456969
2026-01-14,3.39254,3.551587,3.930382,4.425341
2026-01-15,3.442546,3.609823,3.986303,4.475127
2026-01-16,3.441684,3.629179,4.001623,4.482072
2026-01-19,3.442847,3.631896,4.002922,4.489033
2026-01-20,3.453783,3.659657,4.052213,4.5519
2026-01-21,3.443629,3.651191,4.040253,4.533457
2026-01-22,3.459691,3.66701,4.049634,4.545038
2026-01-23,3.503101,3.734102,4.125479,4.61041
2026-01-26,3.509674,3.727144,4.106133,4.591247
2026-01-27,3.524918,3.749352,4.138058,4.629111
2026-01-28,3.524219,3.754519,4.149002,4.646709
2026-01-29,3.497593,3.711333,4.107657,4.608196
2026-01-30,3.492607,3.727255,4.1333,4.631841
2026-02-02,3.492737,3.720364,4.116321,4.613773
2026-02-03,3.505309,3.729153,4.12741,4.628631
2026-02-04,3.503016,3.73229,4.140301,4.646935
2026-02-05,3.445057,3.709674,4.145382,4.673852
2026-02-06,3.416396,3.678698,4.111466,4.641103
2026-02-09,3.42758,3.692502,4.131816,4.666028
2026-02-10,3.441388,3.694857,4.125185,4.658039
2026-02-11,3.430228,3.673664,4.089506,4.614695
2026-02-12,3.406596,3.638238,4.05649,4.582907
2026-02-13,3.383532,3.606221,4.027504,4.545525
2026-02-16,3.37877,3.599546,4.013154,4.534851
2026-02-17,3.378795,3.587159,3.990073,4.511472
2026-02-18,3.368403,3.577011,3.979994,4.495912
2026-02-19,3.35449,3.563892,3.977262,4.501659
2026-02-20,3.364332,3.56902,3.971336,4.489692
2026-02-23,3.347596,3.53755,3.938816,4.458001
2026-02-24,3.36014,3.545129,3.940969,4.459637
2026-02-25,3.366967,3.552844,3.949242,4.46893
2026-02-26,3.33425,3.515052,3.913681,4.433299
2026-02-27,3.309542,3.485201,3.881969,4.402168
2026-03-02,3.45776,3.595087,3.963698,4.469999
2026-03-03,3.536949,3.673004,4.038114,4.53244
2026-03-04,3.490631,3.640543,4.015931,4.517119
2026-03-05,3.595345,3.749869,4.097382,4.58037
2026-03-06,3.710697,3.867689,4.184483,4.654025
2026-03-09,3.822122,3.912234,4.209756,4.664417
2026-03-10,3.660962,3.795439,4.140304,4.603755
2026-03-11,3.84847,3.95329,4.258917,4.713322
2026-03-12,3.94167,4.04065,4.327136,4.765358
2026-03-13,3.982328,4.081946,4.369214,4.815805
2026-03-16,3.920354,3.996748,4.300236,4.748156
2026-03-17,3.880505,3.939815,4.247312,4.697973
2026-03-18,3.931486,3.968898,4.260251,4.708445
2026-03-19,4.325915,4.208849,4.379804,4.759896
2026-03-20,4.402075,4.294997,4.480973,4.858458
2026-03-23,4.228112,4.146195,4.394424,4.795948
2026-03-24,4.336503,4.21822,4.449282,4.854446
2026-03-25,4.233129,4.113981,4.33949,4.736668
2026-03-26,4.348172,4.251345,4.463979,4.861092
2026-03-27,4.292326,4.231567,4.465325,4.86079
2026-03-30,4.257211,4.181533,4.427119,4.828392
2026-03-31,4.162256,4.106304,4.374792,4.786471
2026-04-01,4.138308,4.089159,4.344972,4.772471
2026-04-02,4.160205,4.094409,4.350396,4.77216
2026-04-03,4.160205,4.094409,4.350396,4.77216
2026-04-06,4.160205,4.094409,4.350396,4.77216
2026-04-07,4.230528,4.154569,4.403264,4.816595
2026-04-08,3.998032,3.974,4.243518,4.668961
2026-04-09,4.008431,4.010092,4.289609,4.727343
2026-04-10,4.082268,4.089761,4.364557,4.810642
2026-04-13,4.10822,4.09066,4.376115,4.814031
2026-04-14,4.014035,4.008771,4.312628,4.764375
2026-04-15,4.045263,4.051546,4.347828,4.805734
2026-04-16,4.025955,4.06181,4.394863,4.873916
2026-04-17,3.898125,3.949045,4.292219,4.785772
2026-04-20,3.99357,4.02716,4.36501,4.860524
2026-04-21,4.095421,4.090972,4.402432,4.882464
2026-04-22,4.15406,4.140014,4.421519,4.881531
2026-04-23,4.204373,4.176278,4.453311,4.907583
2026-04-24,4.16564,4.16331,4.445795,4.902657
2026-04-27,4.226772,4.201045,4.487338,4.946667
2026-04-28,4.28639,4.243998,4.516888,4.970754
2026-04-29,4.38062,4.314363,4.563005,4.99496
2026-04-30,4.258125,4.245096,4.532528,4.980233
2026-05-01,4.236383,4.211192,4.483215,4.933643
2026-05-04,4.236383,4.211192,4.483215,4.933643
2026-05-05,4.348568,4.308002,4.568238,5.010619
2026-05-06,4.210065,4.185455,4.466186,4.918315
2026-05-07,4.216438,4.209759,4.487892,4.937321
2026-05-08,4.20046,4.190614,4.454054,4.898055
2026-05-11,4.325701,4.295285,4.562758,5.011064
2026-05-12,4.379059,4.364743,4.637883,5.075154
2026-05-13,4.322928,4.314439,4.591124,5.033507
2026-05-14,4.282932,4.301484,4.575817,5.012657
2026-05-15,4.391915,4.430071,4.710826,5.157397
2026-05-18,4.348632,4.35644,4.62087,5.058788
2026-05-19,4.361034,4.397522,4.676847,5.120232
2026-05-20,4.209894,4.25311,4.5511,5.0069
2026-05-21,4.192119,4.233451,4.527448,4.978426
2026-05-22,4.196976,4.216813,4.486886,4.93017
2026-05-25,4.196976,4.216813,4.486886,4.93017
2026-05-26,4.146496,4.156372,4.43689,4.888419
2026-05-27,4.108401,4.12757,4.426776,4.88979
2026-05-28,4.069356,4.094229,4.381611,4.837916
2026-05-29,4.024661,4.078898,4.375726,4.833469
2026-06-01,4.161239,4.165846,4.443416,4.896186
2026-06-02,4.174358,4.162997,4.435456,4.881396
2026-06-03,4.207025,4.212752,4.494883,4.942836
2026-06-04,4.154412,4.175552,4.458,4.907844
2026-06-05,4.156617,4.174364,4.442351,4.886314
2026-06-08,4.238753,4.250155,4.517034,4.959753
2026-06-09,4.201815,4.216391,4.493605,4.934333
2026-06-10,4.232391,4.249643,4.520289,4.963984
2026-06-11,4.204602,4.216981,4.479346,4.920852
2026-06-12,4.057535,4.11454,4.410707,4.866949
2026-06-15,4.033401,4.089873,4.410999,4.887022
2026-06-16,4.026597,4.058656,4.361224,4.830224
2026-06-17,3.999694,4.023354,4.322537,4.798432
2026-06-18,4.021595,4.044755,4.334645,4.795632
2026-06-19,4.084021,4.132089,4.416236,4.874785
2026-06-22,4.061711,4.104078,4.397279,4.856761
2026-06-23,4.022703,4.047125,4.335739,4.797792
2026-06-24,3.980652,3.995785,4.267598,4.718711
2026-06-25,3.933697,3.977296,4.261008,4.717289
2026-06-26,3.943034,4.000192,4.292162,4.755792
2026-06-29,3.967078,4.004418,4.294068,4.756232
2026-06-30,3.983603,4.027876,4.327625,4.79702
2026-07-01,3.938767,4.008635,4.322955,4.800184
2026-07-02,3.944718,4.035598,4.359736,4.846369
2026-07-03,3.941186,4.036409,4.35489,4.843025
2026-07-06,3.953172,4.039834,4.36864,4.865975
2026-07-07,4.005874,4.103363,4.433772,4.927508
2026-07-08,4.13745,4.221341,4.533889,5.011668
2026-07-09,4.078065,4.1751,4.484092,4.965605
2026-07-10,4.064932,4.164374,4.469998,4.954165
2026-07-13,4.227256,4.281336,4.562186,5.026927
2026-07-14,4.20601,4.26676,4.550988,5.008897
2026-07-15,4.168264,4.236371,4.523566,4.986232
2026-07-16,4.177133,4.257614,4.546796,5.00827
2026-07-17,4.2344,4.289427,4.550373,5.003537
2026-07-20,4.262571,4.331229,4.620672,5.080552
2026-07-21,4.261708,4.326391,4.610711,5.069494
2026-07-22,4.291928,4.340752,4.601507,5.041835
2026-07-23,4.351882,4.4052,4.649293,5.069132
2026-07-24,4.283882,4.344884,4.592681,5.018338
2026-07-27,4.25374,4.295336,4.553239,4.986126
2026-07-28,4.181422,4.241658,4.522479,4.965332
2026-07-29,4.310185,4.349159,4.598274,5.03025
2026-07-30,4.182797,4.273844,4.561144,5.015412
2026-07-31,4.231619,4.33993,4.63027,5.082676
2026-08-03,4.166296,4.243753,4.533043,4.993405
2026-08-04,4.105723,4.18827,4.487217,4.961559
2026-08-05,4.096853,4.181879,4.48181,4.957661
2026-08-06,4.152392,4.243452,4.532814,4.995368
2026-08-07,4.130292,4.225144,4.512478,4.975284
2026-08-10,4.213894,4.298526,4.581431,5.042733
2026-08-11,4.177392,4.270025,4.558453,5.016783
2026-08-12,4.192374,4.27409,4.55576,5.01962
2026-08-13,4.155946,4.253781,4.542183,5.005728
2026-08-14,4.202182,4.323139,4.621448,5.096859
2026-08-17,4.232963,4.336649,4.64227,5.121257
2026-08-18,4.255736,4.358094,4.653858,5.12835
2026-08-19,4.242251,4.336725,4.625575,5.094156
2026-08-20,4.230902,4.347367,4.638727,5.10309
2026-08-21,4.212066,4.33323,4.63413,5.107626
